City_ID,City,Lat,Lng,Max Temp,Current Description,Rain (inches),Snow (inches),Humidity,Cloudiness,Wind Speed,Country
0,Albany,42.6001,-73.9662,11.84,light snow,0.0,0.29,81,100,1.99,US
1,Belmonte,-15.8631,-38.8828,77.5,moderate rain,2.05,0.0,67,43,7.96,BR
2,Saint George,37.1041,-113.5841,50.47,clear sky,0.0,0.0,46,0,0.0,US
3,Avarua,-21.2078,-159.775,75.25,scattered clouds,0.0,0.0,94,45,3.44,CK
4,Kathmandu,27.7167,85.3167,46.62,few clouds,0.0,0.0,76,20,4.61,NP
5,Busselton,-33.65,115.3333,72.09,clear sky,0.0,0.0,86,0,16.06,AU
6,Jamestown,42.097,-79.2353,11.34,few clouds,0.0,0.0,44,20,10.36,US
7,Rikitea,-23.1203,-134.9692,77.07,overcast clouds,0.0,0.0,76,85,11.95,PF
8,Pangkalanbuun,-2.6833,111.6167,76.55,overcast clouds,0.0,0.0,88,100,0.85,ID
9,Taoudenni,22.6783,-3.9836,80.53,overcast clouds,0.0,0.0,10,100,15.17,ML
10,Ushuaia,-54.8,-68.3,58.66,scattered clouds,0.0,0.0,67,40,3.44,AR
11,Hermanus,-34.4187,19.2345,80.8,clear sky,0.0,0.0,50,0,23.53,ZA
12,Lebu,-37.6167,-73.65,64.4,scattered clouds,0.0,0.0,76,26,7.07,CL
13,Sinop,41.7711,34.8709,26.73,overcast clouds,0.0,0.0,84,95,7.14,TR
14,Saldanha,-33.0117,17.9442,87.85,clear sky,0.0,0.0,69,0,22.28,ZA
15,Kautokeino,69.0125,23.0412,5.16,overcast clouds,0.0,0.0,99,100,4.45,NO
16,Igarka,67.4667,86.5833,1.49,overcast clouds,0.0,0.0,95,100,14.63,RU
17,Bluff,-46.6,168.3333,61.81,overcast clouds,0.0,0.0,78,100,8.7,NZ
18,Kapaa,22.0752,-159.319,73.72,light rain,0.76,0.0,92,100,14.97,US
19,Fortuna,40.5982,-124.1573,39.54,clear sky,0.0,0.0,81,0,11.5,US
20,East London,-33.0153,27.9116,74.34,scattered clouds,0.0,0.0,68,40,16.11,ZA
21,Clyde River,70.4692,-68.5914,-5.57,light snow,0.0,0.0,77,100,4.61,CA
22,Fort-Shevchenko,44.5086,50.263,35.91,few clouds,0.0,0.0,72,11,3.87,KZ
23,Kieta,-6.2167,155.6333,79.88,overcast clouds,0.0,0.0,85,100,5.46,PG
24,Ghanzi,-21.5667,21.7833,80.98,overcast clouds,0.0,0.0,48,100,7.85,BW
25,Iqaluit,63.7506,-68.5145,-13.27,light snow,0.0,0.0,69,100,10.0,CA
26,Luganville,-15.5333,167.1667,78.62,light rain,0.36,0.0,89,86,12.26,VU
27,Punta Alta,-38.8759,-62.0736,84.65,clear sky,0.0,0.0,33,8,18.14,AR
28,Vaini,-21.2,-175.2,80.96,light rain,0.17,0.0,81,93,16.6,TO
29,Mar Del Plata,-38.0023,-57.5575,78.82,clear sky,0.0,0.0,50,0,11.99,AR
30,Mataura,-46.1927,168.8643,61.48,light rain,0.75,0.0,76,100,2.8,NZ
31,Dwarka,22.2394,68.9678,70.21,clear sky,0.0,0.0,46,0,11.16,IN
32,Port Hedland,-20.3167,118.5667,84.25,broken clouds,0.0,0.0,74,75,6.91,AU
33,Arlit,18.7369,7.3853,82.18,clear sky,0.0,0.0,7,2,4.79,NE
34,Provideniya,64.3833,-173.3,0.54,few clouds,0.0,0.0,91,12,3.94,RU
35,Talara,-4.5772,-81.2719,79.56,clear sky,0.0,0.0,61,0,9.22,PE
36,Longyearbyen,78.2186,15.6401,10.24,few clouds,0.0,0.0,61,20,17.27,SJ
37,Caucaia,-3.7361,-38.6531,87.08,light rain,0.26,0.0,70,75,12.66,BR
38,Tuktoyaktuk,69.4541,-133.0374,-9.4,light snow,0.0,0.0,77,100,17.27,CA
39,Fukue,32.6881,128.8419,46.51,broken clouds,0.0,0.0,52,78,12.15,JP
40,Upernavik,72.7868,-56.1549,7.99,overcast clouds,0.0,0.0,88,100,20.42,GL
41,Oksbol,55.6268,8.2876,48.81,overcast clouds,0.0,0.0,81,100,46.13,DK
42,Carnarvon,-24.8667,113.6333,77.07,clear sky,0.0,0.0,88,0,8.05,AU
43,Port-Gentil,-0.7193,8.7815,85.96,scattered clouds,0.0,0.0,74,40,10.36,GA
44,Kodiak,57.79,-152.4072,27.91,light snow,0.0,0.0,69,100,21.85,US
45,Gimli,50.6336,-96.9907,12.22,overcast clouds,0.0,0.0,79,100,4.61,CA
46,Encruzilhada Do Sul,-30.5439,-52.5219,77.72,clear sky,0.0,0.0,39,5,11.25,BR
47,Yellowknife,62.456,-114.3525,-8.45,light snow,0.0,0.0,92,100,5.75,CA
48,Cape Town,-33.9258,18.4232,74.08,clear sky,0.0,0.0,60,0,7.0,ZA
49,Malanje,-9.5402,16.341,73.4,overcast clouds,0.0,0.0,71,100,7.34,AO
50,Sorland,67.667,12.6934,37.26,overcast clouds,0.0,0.0,94,99,15.66,NO
51,Nikolskoye,59.7035,30.7861,26.71,overcast clouds,0.0,0.0,94,100,7.99,RU
52,Nanortalik,60.1432,-45.2371,24.4,overcast clouds,0.0,0.0,84,100,14.0,GL
53,Atuona,-9.8,-139.0333,76.73,clear sky,0.0,0.0,76,0,12.21,PF
54,Bredasdorp,-34.5322,20.0403,80.28,clear sky,0.0,0.0,57,0,16.11,ZA
55,Altea,38.5989,-0.0514,68.77,clear sky,0.0,0.0,37,0,4.23,ES
56,Muros,42.7762,-9.0603,68.68,clear sky,0.0,0.0,38,5,3.78,ES
57,Sambava,-14.2667,50.1667,80.13,broken clouds,0.0,0.0,77,78,8.68,MG
58,Narsaq,60.9167,-46.05,21.42,overcast clouds,0.0,0.0,95,100,8.95,GL
59,Tuatapere,-46.1333,167.6833,61.83,light rain,0.53,0.0,78,100,5.37,NZ
60,Umm Lajj,25.0213,37.2685,67.66,clear sky,0.0,0.0,40,0,15.93,SA
61,Ayan,56.45,138.1667,0.28,overcast clouds,0.0,0.0,86,100,16.78,RU
62,Tanda,26.55,82.65,53.78,clear sky,0.0,0.0,64,0,7.23,IN
63,Umba,66.6871,34.3429,11.01,broken clouds,0.0,0.0,98,78,4.85,RU
64,Kulaman,6.4594,124.0892,79.39,scattered clouds,0.0,0.0,83,36,1.12,PH
65,Kysyl-Syr,63.8986,122.7617,-14.94,overcast clouds,0.0,0.0,100,100,3.94,RU
66,Bure,10.7,37.0667,74.41,broken clouds,0.0,0.0,26,55,4.7,ET
67,Zhaoyuan,37.3592,120.3964,26.6,broken clouds,0.0,0.0,61,65,2.48,CN
68,Rundu,-17.9333,19.7667,76.75,light rain,0.51,0.0,69,100,4.45,NA
69,New Norfolk,-42.7826,147.0587,61.92,few clouds,0.0,0.0,97,12,0.47,AU
70,Georgetown,5.4112,100.3354,84.15,few clouds,0.0,0.0,78,20,6.91,MY
71,Saskylakh,71.9167,114.0833,-18.13,overcast clouds,0.0,0.0,97,87,4.07,RU
72,Udachnyy,66.4167,112.4,-22.81,scattered clouds,0.0,0.0,100,43,3.38,RU
73,Komsomolskiy,40.4272,71.7189,38.12,fog,0.0,0.0,87,75,2.3,UZ
74,Qui Nhon,13.7667,109.2333,73.56,broken clouds,0.0,0.0,87,62,5.68,VN
75,Hilo,19.7297,-155.09,66.79,broken clouds,0.0,0.0,75,75,6.91,US
76,Port Alfred,-33.5906,26.891,72.84,few clouds,0.0,0.0,64,21,14.54,ZA
77,Itamarandiba,-17.8572,-42.8589,81.73,broken clouds,0.0,0.0,52,67,6.29,BR
78,Bose,45.4612,8.0137,51.48,clear sky,0.0,0.0,45,2,2.91,IT
79,Hobart,-42.8794,147.3294,62.26,overcast clouds,0.0,0.0,77,100,1.01,AU
80,Bunda,-2.05,33.8667,76.84,overcast clouds,0.0,0.0,56,99,7.09,TZ
81,Cherskiy,68.75,161.3,-25.17,scattered clouds,0.0,0.0,100,35,3.6,RU
82,Sorong,-0.8833,131.25,81.48,light rain,0.15,0.0,77,66,10.16,ID
83,Yulara,-25.2406,130.9889,82.24,overcast clouds,0.0,0.0,61,91,17.27,AU
84,Santa Isabel,-23.3156,-46.2214,72.66,overcast clouds,0.0,0.0,96,100,2.84,BR
85,Kaitangata,-46.2817,169.8464,54.86,moderate rain,1.11,0.0,78,100,4.59,NZ
86,Korla,41.7597,86.1469,24.8,broken clouds,0.0,0.0,57,71,7.25,CN
87,Eten,-6.9081,-79.8642,82.65,clear sky,0.0,0.0,54,0,2.3,PE
88,Thompson,55.7435,-97.8558,-11.04,few clouds,0.0,0.0,77,20,2.3,CA
89,Siniscola,40.5719,9.6922,56.75,clear sky,0.0,0.0,40,0,5.41,IT
90,Riesi,37.2819,14.0823,50.4,broken clouds,0.0,0.0,43,71,12.97,IT
91,Muisne,0.6,-80.0333,80.71,overcast clouds,0.0,0.0,83,91,1.45,EC
92,Naze,28.3667,129.4833,55.4,overcast clouds,0.0,0.0,85,100,11.56,JP
93,Vila Velha,-20.3297,-40.2925,89.55,few clouds,0.0,0.0,63,20,11.01,BR
94,Jalu,29.0331,21.5482,60.12,clear sky,0.0,0.0,36,5,16.49,LY
95,Ust-Kishert,57.3654,57.2495,3.69,overcast clouds,0.0,0.0,99,92,4.23,RU
96,Haifa,32.8156,34.9892,54.01,broken clouds,0.0,0.0,79,75,3.44,IL
97,Katherine,-14.4667,132.2667,80.92,moderate rain,1.07,0.0,78,95,11.5,AU
98,Chumikan,54.7183,135.315,-3.05,overcast clouds,0.0,0.0,91,100,19.24,RU
99,Kota Bahru,6.1333,102.2386,76.95,few clouds,0.0,0.0,88,20,0.0,MY
100,Airai,-8.9266,125.4092,60.84,overcast clouds,0.0,0.0,85,100,3.29,TL
101,Karratha,-20.7377,116.8463,82.42,scattered clouds,0.0,0.0,65,48,16.53,AU
102,Amazar,53.858,120.875,-9.36,clear sky,0.0,0.0,95,5,4.14,RU
103,Novonikolayevskiy,50.9738,42.3649,32.79,overcast clouds,0.0,0.0,95,100,8.88,RU
104,Punta Arenas,-53.15,-70.9167,59.02,broken clouds,0.0,0.0,62,75,19.57,CL
105,Pangnirtung,66.1451,-65.7125,-16.6,light snow,0.0,0.0,76,100,12.66,CA
106,Port Keats,-14.25,129.55,81.7,moderate rain,1.22,0.0,86,100,19.69,AU
107,Diego De Almagro,-26.3667,-70.05,72.5,clear sky,0.0,0.0,34,0,7.99,CL
108,Necochea,-38.5473,-58.7368,87.04,clear sky,0.0,0.0,40,0,11.83,AR
109,Bengkulu,-3.8004,102.2655,77.99,overcast clouds,0.0,0.0,86,100,2.93,ID
110,Burnie,-41.0667,145.9167,61.95,overcast clouds,0.0,0.0,97,98,5.21,AU
111,Puerto Ayora,-0.7393,-90.3518,78.76,broken clouds,0.0,0.0,77,71,8.03,EC
112,Westport,41.1415,-73.3579,22.37,fog,0.0,0.56,89,100,5.01,US
113,Mulanje,-16.0316,35.5,78.22,light rain,0.52,0.0,82,14,3.11,MW
114,Saint-Philippe,-21.3585,55.7679,81.99,broken clouds,0.0,0.0,85,59,8.59,RE
115,Birakan,49.0167,131.7,-23.39,few clouds,0.0,0.0,99,21,3.02,RU
116,Padang,-0.9492,100.3543,78.8,moderate rain,3.65,0.0,86,84,1.97,ID
117,Wanning,18.8003,110.3967,66.6,broken clouds,0.0,0.0,87,81,11.59,CN
118,Klaksvik,62.2266,-6.589,36.52,overcast clouds,0.0,0.0,69,87,48.47,FO
119,Acapulco,16.8634,-99.8901,78.62,broken clouds,0.0,0.0,65,75,6.91,MX
120,Auki,-8.7676,160.7034,77.54,light rain,0.34,0.0,87,74,5.06,SB
121,Souillac,-20.5167,57.5167,82.78,light rain,0.21,0.0,78,40,9.22,MU
122,Albufeira,37.0882,-8.2503,64.24,overcast clouds,0.0,0.0,52,93,16.15,PT
123,Mae Sai,20.4335,99.8762,65.52,clear sky,0.0,0.0,51,0,2.91,TH
124,Najran,17.4924,44.1277,74.05,clear sky,0.0,0.0,25,5,3.0,SA
125,Bambous Virieux,-20.3428,57.7575,82.65,light rain,0.28,0.0,78,40,9.22,MU
126,Bethel,41.3712,-73.414,21.11,haze,0.0,0.45,82,100,12.66,US
127,San Patricio,28.017,-97.5169,52.83,scattered clouds,0.0,0.0,43,28,2.46,US
128,Port Macquarie,-31.4333,152.9167,69.76,broken clouds,0.0,0.0,85,66,5.97,AU
129,Murray Bridge,-35.1167,139.2667,72.46,clear sky,0.0,0.0,78,0,6.64,AU
130,Barrow,71.2906,-156.7887,-9.38,scattered clouds,0.0,0.0,70,40,11.5,US
131,Chuy,-33.6971,-53.4616,74.88,broken clouds,0.0,0.0,60,54,6.8,UY
132,Caceres,39.522,-6.3748,61.81,clear sky,0.0,0.0,30,0,9.06,ES
133,Kaduy,59.2,37.15,15.84,overcast clouds,0.0,0.0,96,98,3.31,RU
134,Butaritari,3.0707,172.7902,81.91,light rain,0.46,0.0,78,38,17.92,KI
135,Garowe,8.4054,48.4845,81.45,overcast clouds,0.0,0.0,24,89,13.8,SO
136,Talaya,61.3833,152.75,-12.73,overcast clouds,0.0,0.0,99,100,4.07,RU
137,Alofi,-19.0595,-169.9187,71.49,broken clouds,0.0,0.0,100,77,0.0,NU
138,Bratsk,56.1325,101.6142,-10.71,broken clouds,0.0,0.0,100,82,1.74,RU
139,Dikson,73.5069,80.5464,0.61,overcast clouds,0.0,0.0,94,99,20.13,RU
140,Ferrol,43.4832,-8.2369,66.45,clear sky,0.0,0.0,66,6,4.83,ES
141,Anadyr,64.75,177.4833,-8.9,fog,0.0,0.0,84,75,2.24,RU
142,Lavrentiya,65.5833,-171.0,-6.29,clear sky,0.0,0.0,87,3,3.78,RU
143,Bantry,51.6833,-9.45,51.75,clear sky,0.0,0.0,64,6,5.97,IE
144,Myaundzha,63.0494,147.1858,-2.52,overcast clouds,0.0,0.0,96,100,3.44,RU
145,Khash,28.2211,61.2158,55.35,clear sky,0.0,0.0,40,7,7.96,IR
146,Port Lincoln,-34.7333,135.8667,64.83,few clouds,0.0,0.0,84,20,15.77,AU
147,Sao Filipe,14.8961,-24.4956,71.94,overcast clouds,0.0,0.0,69,100,9.04,CV
148,Port Elizabeth,-33.918,25.5701,80.1,few clouds,0.0,0.0,64,20,12.66,ZA
149,Marsabit,2.3284,37.9899,80.64,scattered clouds,0.0,0.0,28,43,11.68,KE
150,Mehamn,71.0357,27.8492,27.52,light snow,0.0,0.12,87,100,8.79,NO
151,Umm Kaddadah,13.6017,26.6876,74.01,overcast clouds,0.0,0.0,9,90,15.7,SD
152,Nyaunglebin,17.95,96.7333,67.44,few clouds,0.0,0.0,51,21,2.57,MM
153,Vardo,70.3705,31.1107,19.6,overcast clouds,0.0,0.0,75,100,8.86,NO
154,Ostrovnoy,68.0531,39.5131,11.3,overcast clouds,0.0,0.0,92,89,15.55,RU
155,Katsuura,35.1333,140.3,42.91,broken clouds,0.0,0.0,87,75,13.27,JP
156,Esperance,-33.8667,121.9,66.04,clear sky,0.0,0.0,73,0,18.99,AU
157,Eregli,37.5133,34.0467,21.7,overcast clouds,0.0,0.0,85,100,1.77,TR
158,Oktyabrskiy,54.4815,53.471,6.66,overcast clouds,0.0,0.0,95,97,3.69,RU
159,Saint-Francois,46.4154,3.9054,39.67,overcast clouds,0.0,0.0,100,100,4.61,FR
160,Majene,-3.5403,118.9707,78.96,overcast clouds,0.0,0.0,82,100,2.42,ID
161,Waipawa,-41.4122,175.5153,62.46,clear sky,0.0,0.0,84,10,6.76,NZ
162,Qaanaaq,77.484,-69.3632,-11.47,broken clouds,0.0,0.0,57,52,8.68,GL
163,Pisco,-13.7,-76.2167,72.01,broken clouds,0.0,0.0,73,75,4.61,PE
164,Chapais,49.7834,-74.8492,-16.82,scattered clouds,0.0,0.0,90,40,2.82,CA
165,Berlevag,70.8578,29.0864,25.16,light snow,0.0,0.27,82,100,10.02,NO
166,Torbay,47.6666,-52.7314,37.27,light rain,0.25,0.0,79,40,21.85,CA
167,Mayo,38.8876,-76.5119,25.41,haze,0.0,0.0,65,40,17.0,US
168,Talnakh,69.4865,88.3972,-2.79,light snow,0.0,0.21,97,100,10.2,RU
169,Mujiayingzi,42.1167,118.7833,14.7,clear sky,0.0,0.0,34,0,3.96,CN
170,Tasiilaq,65.6145,-37.6368,15.96,overcast clouds,0.0,0.0,87,86,4.72,GL
171,Krasnyy Chikoy,50.3643,108.7512,-12.91,overcast clouds,0.0,0.0,100,100,1.79,RU
172,Sorrento,40.626,14.3744,54.27,clear sky,0.0,0.0,55,0,8.99,IT
173,Ahipara,-35.1667,173.1667,59.27,broken clouds,0.0,0.0,88,78,6.11,NZ
174,Sitka,57.0531,-135.33,42.69,moderate rain,1.02,0.0,75,100,18.41,US
175,Alice Springs,-23.7,133.8833,74.75,moderate rain,1.12,0.0,94,100,10.36,AU
176,Noumea,-22.2763,166.4572,79.0,overcast clouds,0.0,0.0,99,100,3.76,NC
177,Dingle,10.9995,122.6711,76.41,scattered clouds,0.0,0.0,88,33,2.53,PH
178,Zverinogolovskoye,54.4586,64.8542,9.48,overcast clouds,0.0,0.0,89,100,5.12,RU
179,Ribeira Grande,38.5167,-28.7,64.8,few clouds,0.0,0.0,55,20,6.91,PT
180,Koumac,-20.5667,164.2833,79.11,scattered clouds,0.0,0.0,85,44,7.27,NC
181,Hay River,60.8156,-115.7999,-2.22,light snow,0.0,0.0,78,100,4.61,CA
182,Taperoa,-7.2075,-36.8267,72.14,overcast clouds,0.0,0.0,78,99,3.83,BR
183,Anito,12.4497,125.2886,76.77,overcast clouds,0.0,0.0,92,100,6.13,PH
184,The Valley,18.217,-63.0578,84.06,scattered clouds,0.0,0.0,65,40,10.36,AI
185,Cabo San Lucas,22.8909,-109.9124,70.52,clear sky,0.0,0.0,75,0,4.61,MX
186,Porto Belo,-27.1578,-48.5531,75.15,overcast clouds,0.0,0.0,82,100,12.88,BR
187,Pyapon,16.2833,95.6833,69.78,clear sky,0.0,0.0,63,6,10.94,MM
188,Erenhot,43.6475,111.9767,5.27,overcast clouds,0.0,0.0,87,99,8.72,CN
189,Hornepayne,49.2138,-84.7705,4.64,overcast clouds,0.0,0.0,86,93,2.46,CA
190,Barranca,-10.75,-77.7667,73.98,overcast clouds,0.0,0.0,71,99,10.65,PE
191,Guerrero Negro,27.9769,-114.0611,58.95,clear sky,0.0,0.0,50,0,1.59,MX
192,Mahebourg,-20.4081,57.7,82.69,scattered clouds,0.0,0.0,78,40,9.22,MU
193,Castro,-24.7911,-50.0119,60.44,overcast clouds,0.0,0.0,99,100,4.97,BR
194,Richards Bay,-28.783,32.0377,76.28,scattered clouds,0.0,0.0,77,32,7.78,ZA
195,Eydhafushi,5.1033,73.0708,82.27,broken clouds,0.0,0.0,69,67,12.26,MV
196,Pimentel,-6.8367,-79.9342,82.69,clear sky,0.0,0.0,54,0,2.3,PE
197,Kokoda,-8.8785,147.7407,74.88,overcast clouds,0.0,0.0,94,100,3.94,PG
198,Porto Novo,6.4965,2.6036,94.82,scattered clouds,0.0,0.0,35,41,10.31,BJ
199,Ocos,14.5094,-92.1933,87.73,clear sky,0.0,0.0,63,0,2.42,GT
200,Boca Do Acre,-8.7522,-67.3978,73.87,overcast clouds,0.0,0.0,99,100,0.65,BR
201,Fairbanks,64.8378,-147.7164,-13.99,clear sky,0.0,0.0,75,0,0.0,US
202,Manuk Mangkaw,4.8,119.85,82.08,broken clouds,0.0,0.0,74,62,5.75,PH
203,Isangel,-19.55,169.2667,78.91,light rain,0.26,0.0,94,100,6.91,VU
204,Ahuimanu,21.4447,-157.8378,73.45,light rain,0.38,0.0,76,100,3.0,US
205,Pevek,69.7008,170.3133,-11.18,overcast clouds,0.0,0.0,98,100,3.31,RU
206,Vilhena,-12.7406,-60.1458,75.42,broken clouds,0.0,0.0,88,75,10.36,BR
207,San Policarpo,12.1791,125.5072,79.21,overcast clouds,0.0,0.0,83,99,6.73,PH
208,Vila Franca Do Campo,37.7167,-25.4333,63.19,scattered clouds,0.0,0.0,69,40,9.64,PT
209,Puerto Madryn,-42.7692,-65.0385,86.02,clear sky,0.0,0.0,26,1,7.99,AR
210,Tiksi,71.6872,128.8694,-9.13,scattered clouds,0.0,0.0,100,40,3.22,RU
211,Hithadhoo,-0.6,73.0833,81.39,overcast clouds,0.0,0.0,68,100,5.17,MV
212,Clarence Town,-32.5833,151.7833,73.94,overcast clouds,0.0,0.0,93,93,5.82,AU
213,Suoyarvi,62.0833,32.35,16.77,light snow,0.0,0.16,95,100,8.81,RU
214,Bundaberg,-24.85,152.35,73.69,overcast clouds,0.0,0.0,88,100,3.0,AU
215,Bunia,1.5667,30.25,76.8,scattered clouds,0.0,0.0,30,36,5.21,CD
216,Frutal,-20.0247,-48.9406,79.43,overcast clouds,0.0,0.0,72,99,11.23,BR
217,Scottsbluff,41.8666,-103.6672,41.81,clear sky,0.0,0.0,45,0,10.36,US
218,Tallahassee,30.4383,-84.2807,37.09,clear sky,0.0,0.0,48,0,5.99,US
219,Teberda,43.4456,41.7448,19.06,overcast clouds,0.0,0.0,87,97,11.07,RU
220,Kaeo,-35.1,173.7833,60.98,overcast clouds,0.0,0.0,85,98,7.99,NZ
221,Lompoc,34.6391,-120.4579,60.12,clear sky,0.0,0.0,49,0,4.61,US
222,Anzio,41.4853,12.6179,56.71,scattered clouds,0.0,0.0,50,39,10.94,IT
223,Rafai,4.95,23.9167,91.27,clear sky,0.0,0.0,13,6,4.83,CF
224,Hasaki,35.7333,140.8333,36.28,overcast clouds,0.0,0.0,89,99,20.96,JP
225,Lagoa,39.05,-27.9833,58.57,clear sky,0.0,0.0,73,0,11.43,PT
226,Turayf,31.6725,38.6637,50.25,scattered clouds,0.0,0.0,53,40,4.61,SA
227,Ambilobe,-13.2,49.05,76.53,light rain,0.72,0.0,91,82,2.84,MG
228,Khatanga,71.9667,102.5,-2.88,overcast clouds,0.0,0.0,98,100,5.5,RU
229,Tashla,51.7716,52.7427,5.86,overcast clouds,0.0,0.0,98,97,4.63,RU
230,Merauke,-8.4667,140.3333,81.19,heavy intensity rain,9.99,0.0,81,100,9.89,ID
231,Ratnagiri,16.9833,73.3,73.74,scattered clouds,0.0,0.0,58,26,9.78,IN
232,Usinsk,65.9939,57.5281,9.55,light snow,0.0,0.18,92,100,18.32,RU
233,Aravankadu,11.3667,76.7667,61.02,scattered clouds,0.0,0.0,83,45,1.21,IN
234,Xining,36.6167,101.7667,12.97,clear sky,0.0,0.0,58,0,2.08,CN
235,Pitimbu,-7.4706,-34.8086,84.79,broken clouds,0.0,0.0,65,82,9.35,BR
236,Constitucion,-35.3333,-72.4167,67.77,few clouds,0.0,0.0,69,13,9.46,CL
237,Conway,35.0887,-92.4421,32.79,clear sky,0.0,0.0,39,0,1.99,US
238,Hami,42.8,93.45,23.72,clear sky,0.0,0.0,48,3,7.23,CN
239,Kathu,7.9178,98.3332,86.7,scattered clouds,0.0,0.0,81,34,10.98,TH
240,Bandarbeyla,9.4942,50.8122,76.84,broken clouds,0.0,0.0,70,53,21.88,SO
241,Kosh-Agach,50.0,88.6667,-22.27,few clouds,0.0,0.0,76,14,3.62,RU
242,Faanui,-16.4833,-151.75,80.02,few clouds,0.0,0.0,75,12,10.31,PF
243,Beidao,34.5686,105.8933,15.67,few clouds,0.0,0.0,92,23,0.78,CN
244,Saint-Joseph,-21.3667,55.6167,80.98,light rain,0.38,0.0,85,78,10.69,RE
245,Xuddur,4.1213,43.8894,82.76,broken clouds,0.0,0.0,23,78,10.4,SO
246,Nalut,30.3333,10.85,55.45,clear sky,0.0,0.0,16,5,8.01,LY
247,Arraial Do Cabo,-22.9661,-42.0278,89.56,light rain,0.11,0.0,66,40,9.22,BR
248,Road Town,18.4167,-64.6167,82.44,few clouds,0.0,0.0,61,20,5.75,VG
249,Broome,42.2506,-75.833,10.02,overcast clouds,0.0,0.0,66,100,4.0,US
250,Quatre Cocos,-20.2078,57.7625,82.51,light rain,0.15,0.0,81,22,13.02,MU
251,Vostok,46.4856,135.8833,-16.65,overcast clouds,0.0,0.0,99,100,3.38,RU
252,Kolo,52.2002,18.6387,36.0,overcast clouds,0.0,0.0,96,100,20.24,PL
253,Riyadh,24.6877,46.7219,60.94,clear sky,0.0,0.0,24,0,10.11,SA
254,Toro,4.6117,-76.0814,75.88,overcast clouds,0.0,0.0,85,96,2.77,CO
255,Ouango,4.3133,22.5552,93.4,clear sky,0.0,0.0,17,7,2.93,CF
256,Manokwari,-0.8667,134.0833,78.06,overcast clouds,0.0,0.0,77,99,5.73,ID
257,Almaznyy,48.0448,40.045,32.14,snow,0.0,0.54,90,100,14.16,RU
258,Montague,42.5356,-72.5351,19.06,overcast clouds,0.0,0.0,81,100,1.01,US
259,Washougal,45.5826,-122.3534,39.24,clear sky,0.0,0.0,77,0,20.71,US
260,Biltine,14.5333,20.9167,79.54,clear sky,0.0,0.0,9,2,10.6,TD
261,San Vicente,-26.6167,-54.1333,77.29,overcast clouds,0.0,0.0,56,98,3.62,AR
262,Damietta,31.4165,31.8133,54.82,scattered clouds,0.0,0.0,72,31,5.77,EG
263,Toamasina,-18.1667,49.3833,80.6,scattered clouds,0.0,0.0,83,40,5.75,MG
264,Grimshaw,56.1834,-117.6027,20.1,broken clouds,0.0,0.0,100,75,2.3,CA
265,Yar-Sale,66.8333,70.8333,1.47,overcast clouds,0.0,0.0,94,99,8.59,RU
266,Severo-Kurilsk,50.6789,156.125,23.45,overcast clouds,0.0,0.0,72,100,19.73,RU
267,Vysokogornyy,50.1167,139.15,-20.51,overcast clouds,0.0,0.0,100,96,2.73,RU
268,Lata,40.1629,-8.3327,69.49,clear sky,0.0,0.0,30,0,5.82,PT
269,Rio Grande,-32.035,-52.0986,78.94,broken clouds,0.0,0.0,48,51,13.62,BR
270,Hohhot,40.8106,111.6522,12.49,clear sky,0.0,0.0,62,0,4.47,CN
271,Codrington,-38.2667,141.9667,63.14,overcast clouds,0.0,0.0,80,86,9.04,AU
272,Ponta Do Sol,32.6667,-17.1,70.72,broken clouds,0.0,0.0,55,62,7.27,PT
273,Chany,55.3121,76.7647,2.91,overcast clouds,0.0,0.0,90,100,7.18,RU
274,Nome,64.5011,-165.4064,-9.33,clear sky,0.0,0.0,59,0,4.61,US
275,Vikulovo,56.8167,70.6107,5.74,overcast clouds,0.0,0.0,91,100,6.71,RU
276,Kavaratti,10.5669,72.642,80.94,scattered clouds,0.0,0.0,68,40,0.36,IN
277,San Cristobal,7.7669,-72.225,73.58,broken clouds,0.0,0.0,40,61,5.55,VE
278,Svetlogorsk,52.6333,29.7333,26.64,overcast clouds,0.0,0.0,90,100,7.63,BY
279,Erzin,36.9559,36.2,48.72,broken clouds,0.0,0.0,78,69,6.29,TR
280,Lobva,59.1854,60.5185,5.99,overcast clouds,0.0,0.0,98,100,2.82,RU
281,Monrovia,6.3005,-10.7969,89.37,light rain,0.48,0.0,68,39,11.14,LR
282,Santa Cruz Del Norte,23.1539,-81.9236,68.74,broken clouds,0.0,0.0,58,54,23.94,CU
283,Lerwick,60.1545,-1.1494,41.0,broken clouds,0.0,0.0,77,78,48.99,GB
284,Flinders,-34.5833,150.8552,76.17,overcast clouds,0.0,0.0,84,100,5.99,AU
285,High Rock,26.6208,-78.2833,57.22,broken clouds,0.0,0.0,61,52,32.06,BS
286,Pori,61.4833,21.7833,32.07,light snow,0.0,0.36,100,100,11.5,FI
287,Paamiut,61.994,-49.6678,18.97,light snow,0.0,0.17,66,100,23.24,GL
288,Kahului,20.8947,-156.47,71.62,clear sky,0.0,0.0,71,0,10.36,US
289,Geraldton,-28.7667,114.6,74.12,clear sky,0.0,0.0,78,4,4.61,AU
290,Harper,4.375,-7.7169,84.65,light rain,0.33,0.0,67,82,10.71,LR
291,Ambon,-3.6954,128.1814,78.94,scattered clouds,0.0,0.0,89,40,5.75,ID
292,Burlington,39.8835,-74.6413,22.98,snow,0.0,0.75,91,100,8.99,US
293,Khor,47.8861,134.9464,-30.41,broken clouds,0.0,0.0,100,63,2.44,RU
294,Kargasok,59.0556,80.8572,-3.48,broken clouds,0.0,0.0,100,74,5.14,RU
295,Marawi,7.9986,124.2928,68.65,scattered clouds,0.0,0.0,95,48,1.19,PH
296,Batsfjord,70.6345,29.7185,19.62,snow,0.0,0.67,87,95,5.66,NO
297,Shimoda,34.6667,138.95,41.11,broken clouds,0.0,0.0,65,58,11.34,JP
298,Cidreira,-30.1811,-50.2056,74.64,scattered clouds,0.0,0.0,58,42,12.17,BR
299,Sinnamary,5.3833,-52.95,81.99,scattered clouds,0.0,0.0,66,43,6.82,GF
300,Bambanglipuro,-7.95,110.2833,77.38,moderate rain,3.16,0.0,89,100,3.38,ID
301,Dubrovnik,42.6481,18.0922,47.84,clear sky,0.0,0.0,23,0,5.75,HR
302,Aklavik,68.2191,-135.0107,-17.57,clear sky,0.0,0.0,69,0,3.44,CA
303,Bentiu,9.2333,29.8333,83.77,scattered clouds,0.0,0.0,12,38,5.23,SS
304,Antofagasta,-23.65,-70.4,71.22,scattered clouds,0.0,0.0,62,50,8.86,CL
305,Princeton,25.5384,-80.4089,56.01,broken clouds,0.0,0.0,51,75,23.02,US
306,Lorengau,-2.0226,147.2712,80.55,overcast clouds,0.0,0.0,80,100,10.38,PG
307,Kupang,-10.1667,123.5833,79.38,broken clouds,0.0,0.0,89,75,4.61,ID
308,Ajdabiya,30.7554,20.2263,56.34,scattered clouds,0.0,0.0,59,38,22.64,LY
309,Petropavlovsk-Kamchatskiy,53.0452,158.6483,21.79,light snow,0.0,0.12,100,100,2.24,RU
310,Nishihara,26.1842,127.7558,61.88,broken clouds,0.0,0.0,88,75,13.8,JP
311,Cervo,43.6702,-7.4101,53.19,clear sky,0.0,0.0,73,1,14.47,ES
312,Bexhill,-28.7667,153.35,71.4,mist,0.0,0.0,97,100,3.44,AU
313,Kasongo-Lunda,-6.4667,16.8167,83.21,overcast clouds,0.0,0.0,63,100,3.53,CD
314,Pacific Grove,36.6177,-121.9166,57.42,clear sky,0.0,0.0,51,0,1.01,US
315,Serebryanyy Bor,56.8,124.8,-7.02,overcast clouds,0.0,0.0,93,100,11.34,RU
316,Kavieng,-2.5744,150.7967,81.18,light rain,0.33,0.0,74,92,3.04,PG
317,Oktyabrskoye,43.0645,44.7417,30.34,few clouds,0.0,0.0,74,16,2.24,RU
318,Sobolevo,54.4299,31.8996,24.12,overcast clouds,0.0,0.0,88,100,8.16,RU
319,Christchurch,-43.5333,172.6333,60.91,overcast clouds,0.0,0.0,88,99,5.01,NZ
320,Nizhniy Kuranakh,58.8353,125.4869,-7.17,light snow,0.0,0.17,98,100,4.68,RU
321,Surt,31.2089,16.5887,59.34,broken clouds,0.0,0.0,67,57,26.19,LY
322,Novyy Urgal,51.0736,132.5642,-33.43,overcast clouds,0.0,0.0,100,88,1.54,RU
323,Ust-Omchug,61.15,149.6333,-5.31,overcast clouds,0.0,0.0,98,94,6.55,RU
324,Sfantu Gheorghe,45.8667,25.7833,18.27,overcast clouds,0.0,0.0,95,90,3.2,RO
325,Ambo,-10.1308,-76.2047,74.53,overcast clouds,0.0,0.0,50,99,3.94,PE
326,Itarema,-2.9248,-39.9167,83.37,overcast clouds,0.0,0.0,61,99,9.91,BR
327,Abaza,52.655,90.0928,5.32,overcast clouds,0.0,0.0,95,100,1.66,RU
328,Cayenne,4.9333,-52.3333,86.04,overcast clouds,0.0,0.0,71,100,4.0,GF
329,Nelson Bay,-32.7167,152.15,74.08,overcast clouds,0.0,0.0,84,93,1.99,AU
330,Qunduz,36.729,68.857,45.12,scattered clouds,0.0,0.0,71,31,3.94,AF
331,Baculin,7.4525,126.5842,76.3,few clouds,0.0,0.0,86,20,4.29,PH
332,Guangyuan,32.442,105.823,40.46,overcast clouds,0.0,0.0,87,88,3.31,CN
333,Da Lat,11.9465,108.4419,58.57,overcast clouds,0.0,0.0,94,92,0.58,VN
334,Tyrma,50.0833,132.1667,-29.78,broken clouds,0.0,0.0,100,61,1.43,RU
335,Prince Rupert,54.3161,-130.3201,42.89,light rain,0.0,0.0,81,100,21.85,CA
336,Barsovo,61.1667,73.1667,-2.07,overcast clouds,0.0,0.0,97,99,4.94,RU
337,Eureka,40.8021,-124.1637,39.81,clear sky,0.0,0.0,64,2,4.16,US
338,Bretcu,46.05,26.3,19.47,broken clouds,0.0,0.0,93,76,7.29,RO
339,Wairoa,-39.0333,177.3667,59.56,clear sky,0.0,0.0,91,5,1.99,NZ
340,Slave Lake,55.2834,-114.769,15.78,clear sky,0.0,0.0,86,0,2.3,CA
341,Port Hardy,50.6996,-127.4199,45.75,light rain,0.0,0.0,87,100,19.57,CA
342,Zhigansk,66.7697,123.3711,-20.51,overcast clouds,0.0,0.0,100,98,6.22,RU
343,Tarakan,3.3,117.6333,81.16,overcast clouds,0.0,0.0,76,100,6.85,ID
344,Havoysund,70.9963,24.6622,20.28,light snow,0.0,0.18,69,80,5.86,NO
345,Qitaihe,45.8,130.85,5.18,overcast clouds,0.0,0.0,88,95,11.5,CN
346,Rocha,-34.4833,-54.3333,79.5,few clouds,0.0,0.0,49,12,5.59,UY
347,Basco,20.4487,121.9702,74.59,overcast clouds,0.0,0.0,80,100,16.02,PH
348,Dire,12.2833,-10.9667,102.34,scattered clouds,0.0,0.0,8,48,2.17,ML
349,Haileybury,47.449,-79.6373,-12.42,few clouds,0.0,0.0,83,11,2.62,CA
350,College,64.8569,-147.8028,-7.94,scattered clouds,0.0,0.0,75,40,0.0,US
351,Hailar,49.2,119.7,-17.88,few clouds,0.0,0.0,99,21,5.12,CN
352,Hagere Hiywet,8.9833,37.85,65.35,scattered clouds,0.0,0.0,27,28,6.91,ET
353,Mayumba,-3.432,10.6554,79.75,overcast clouds,0.0,0.0,76,97,8.21,GA
354,Ust-Kut,56.7938,105.7672,-9.85,overcast clouds,0.0,0.0,100,100,1.66,RU
355,Teguise,29.0605,-13.564,62.82,haze,0.0,0.0,55,0,16.11,ES
356,Chokurdakh,70.6333,147.9167,-10.62,overcast clouds,0.0,0.0,83,100,3.85,RU
357,Moerai,-22.4333,-151.3333,79.23,light rain,0.8,0.0,75,6,9.04,PF
358,Makat,47.6469,53.3463,21.85,scattered clouds,0.0,0.0,87,48,8.08,KZ
359,Vershino-Darasunskiy,52.35,115.5167,-14.21,scattered clouds,0.0,0.0,99,28,4.18,RU
360,Victoria,22.2855,114.1577,64.26,overcast clouds,0.0,0.0,84,85,13.0,HK
361,Grindavik,63.8424,-22.4338,34.27,snow,0.0,0.85,86,75,11.5,IS
362,Asientos,22.2333,-102.1,50.07,clear sky,0.0,0.0,66,0,3.38,MX
363,Bijie,27.3125,105.2942,31.71,clear sky,0.0,0.0,94,9,3.38,CN
364,Leningradskiy,69.3833,178.4167,-3.21,broken clouds,0.0,0.0,84,84,4.52,RU
365,Buala,-8.145,159.5921,79.9,light rain,0.57,0.0,81,100,6.17,SB
366,Ailigandi,9.2333,-78.0167,80.85,broken clouds,0.0,0.0,70,60,13.22,PA
367,Coahuayana,18.7333,-103.6833,80.08,clear sky,0.0,0.0,45,2,0.78,MX
368,Dudinka,69.4058,86.1778,-2.38,overcast clouds,0.0,0.0,94,100,15.86,RU
369,Arrifes,37.7667,-25.7,61.23,few clouds,0.0,0.0,59,20,11.5,PT
370,La Ronge,55.1001,-105.2842,-6.21,overcast clouds,0.0,0.0,99,98,0.47,CA
371,Mahibadhoo,3.7833,72.9667,81.95,broken clouds,0.0,0.0,66,62,10.0,MV
372,Meulaboh,4.1363,96.1285,78.4,overcast clouds,0.0,0.0,87,91,1.01,ID
373,Wewak,-3.5534,143.6268,78.67,overcast clouds,0.0,0.0,85,95,10.74,PG
374,Altay,47.8667,88.1167,2.88,clear sky,0.0,0.0,52,4,7.74,CN
375,Luanda,-8.8368,13.2343,82.4,broken clouds,0.0,0.0,78,75,9.22,AO
376,Sao Felix Do Xingu,-6.6447,-51.995,74.95,overcast clouds,0.0,0.0,86,100,3.8,BR
377,Salalah,17.0151,54.0924,75.29,few clouds,0.0,0.0,69,20,5.75,OM
378,Mamakan,57.8161,114.0028,-27.9,overcast clouds,0.0,0.0,100,98,1.23,RU
379,Bonthe,7.5264,-12.505,83.86,scattered clouds,0.0,0.0,66,49,13.73,SL
380,Bomet,-0.7813,35.3416,64.71,overcast clouds,0.0,0.0,58,100,2.77,KE
381,Yerbogachen,61.2767,108.0108,-21.32,broken clouds,0.0,0.0,100,79,3.89,RU
382,Katobu,-4.9408,122.5276,76.32,overcast clouds,0.0,0.0,85,100,0.74,ID
383,Formosa,-26.1775,-58.1781,85.98,scattered clouds,0.0,0.0,42,40,11.5,AR
384,Gat,31.61,34.7642,55.4,scattered clouds,0.0,0.0,100,29,2.48,IL
385,Bathsheba,13.2167,-59.5167,83.01,scattered clouds,0.0,0.0,77,40,19.57,BB
386,Derzhavinsk,51.1,66.3167,18.14,overcast clouds,0.0,0.0,96,100,5.61,KZ
387,Fatehgarh,27.3667,79.6333,54.18,clear sky,0.0,0.0,64,0,7.76,IN
388,Port Angeles,48.1181,-123.4307,40.69,clear sky,0.0,0.0,93,0,0.0,US
389,Margate,51.3813,1.3862,56.7,overcast clouds,0.0,0.0,69,100,8.99,GB
390,San Clemente,33.427,-117.612,63.81,overcast clouds,0.0,0.0,30,100,1.01,US
391,Novoanninskiy,50.5287,42.6747,33.49,light snow,0.0,0.17,98,100,11.3,RU
392,Hovd,48.0056,91.6419,-11.69,clear sky,0.0,0.0,75,10,2.98,MN
393,Haines Junction,60.7522,-137.5108,13.95,overcast clouds,0.0,0.0,67,100,10.36,CA
394,Kamaishi,39.2667,141.8833,29.19,few clouds,0.0,0.0,71,16,9.35,JP
395,Ulagan,50.6321,87.9563,-8.52,scattered clouds,0.0,0.0,84,31,1.57,RU
396,Moba,33.2288,105.0179,24.85,few clouds,0.0,0.0,92,24,4.16,CN
397,Diffa,13.3154,12.6113,76.89,scattered clouds,0.0,0.0,10,30,15.08,NE
398,Bondoukou,8.0333,-2.8,97.0,clear sky,0.0,0.0,10,10,8.59,CI
399,Ler,8.3018,30.1418,85.51,clear sky,0.0,0.0,14,2,5.17,SS
400,Coquimbo,-29.9533,-71.3436,69.53,broken clouds,0.0,0.0,64,75,13.8,CL
401,Saurimo,-9.6608,20.3916,72.48,moderate rain,1.03,0.0,87,100,5.82,AO
402,Comodoro Rivadavia,-45.8667,-67.5,85.86,clear sky,0.0,0.0,11,0,19.57,AR
403,Cerro Largo,-28.1486,-54.7381,83.75,clear sky,0.0,0.0,33,5,7.9,BR
404,Saint-Augustin,51.226,-58.6502,1.47,overcast clouds,0.0,0.0,72,87,9.89,CA
405,Medvezhyegorsk,62.9167,34.4667,3.99,overcast clouds,0.0,0.0,100,94,5.84,RU
406,Palia Kalan,28.45,80.5833,53.94,clear sky,0.0,0.0,69,0,6.22,IN
407,Ancud,-41.8697,-73.8203,71.42,scattered clouds,0.0,0.0,57,30,8.41,CL
408,Suna,57.8338,50.0588,10.33,overcast clouds,0.0,0.0,99,99,5.73,RU
409,Plyussa,58.4308,29.3654,22.84,overcast clouds,0.0,0.0,91,100,10.31,RU
410,Ketchikan,55.3422,-131.6461,44.58,moderate rain,1.02,0.0,81,100,21.85,US
411,Trelew,-43.249,-65.3051,91.87,clear sky,0.0,0.0,7,3,10.58,AR
412,Diofior,14.1833,-16.6667,94.95,broken clouds,0.0,0.0,20,73,9.84,SN
413,Otradnoye,59.7775,30.8181,26.87,light snow,0.0,0.24,93,100,8.75,RU
414,Shingu,33.7333,135.9833,40.08,overcast clouds,0.0,0.0,74,100,6.13,JP
415,Qovlar,40.948,45.735,38.25,clear sky,0.0,0.0,46,9,5.21,AZ
416,Dakar,14.6937,-17.4441,83.28,clear sky,0.0,0.0,53,0,13.8,SN
417,Mount Gambier,-37.8333,140.7667,62.51,scattered clouds,0.0,0.0,77,26,10.36,AU
418,Sur,22.5667,59.5289,72.36,clear sky,0.0,0.0,55,7,0.63,OM
419,Itoman,26.1247,127.6694,62.62,broken clouds,0.0,0.0,88,75,13.8,JP
420,Caravelas,-17.7125,-39.2481,87.94,scattered clouds,0.0,0.0,56,40,10.69,BR
421,Tabas,33.5959,56.9244,49.53,clear sky,0.0,0.0,25,2,2.21,IR
422,Kaa-Khem,51.6833,94.7333,-20.94,scattered clouds,0.0,0.0,96,26,3.22,RU
423,Nancha,47.1333,129.2667,-2.04,broken clouds,0.0,0.0,98,66,3.33,CN
424,Gallup,35.5281,-108.7426,31.68,broken clouds,0.0,0.0,41,75,5.21,US
425,Nemuro,43.3236,145.575,20.52,few clouds,0.0,0.0,67,22,19.57,JP
426,Sidi Ali,36.0998,0.4206,58.95,clear sky,0.0,0.0,41,0,11.5,DZ
427,Maniitsoq,65.4167,-52.9,11.66,snow,0.0,0.88,80,100,26.02,GL
428,Cockburn Town,21.4612,-71.1419,80.56,scattered clouds,0.0,0.0,69,40,9.22,TC
429,Vao,-22.6667,167.4833,78.94,overcast clouds,0.0,0.0,86,100,13.15,NC
430,Banda Aceh,5.5577,95.3222,79.25,few clouds,0.0,0.0,84,21,8.72,ID
431,Orlik,52.5178,99.825,-22.74,clear sky,0.0,0.0,94,9,2.44,RU
432,Poum,-20.2333,164.0167,80.98,few clouds,0.0,0.0,81,16,14.94,NC
433,Remanso,-9.6179,-42.0831,70.56,moderate rain,2.73,0.0,93,100,3.02,BR
434,Kruisfontein,-34.0033,24.7314,76.89,clear sky,0.0,0.0,59,0,14.63,ZA
435,Honiara,-9.4333,159.95,78.04,overcast clouds,0.0,0.0,85,100,3.15,SB
436,Vanavara,60.34,102.2797,-2.04,overcast clouds,0.0,0.0,98,100,3.83,RU
437,Lasa,46.6166,10.7002,52.68,scattered clouds,0.0,0.0,79,34,8.23,IT
438,Coihueco,-36.6167,-71.8333,61.54,haze,0.0,0.0,88,100,5.75,CL
439,Statesville,35.7826,-80.8873,33.66,clear sky,0.0,0.0,41,0,1.99,US
440,Chicama,-7.8447,-79.1469,68.54,broken clouds,0.0,0.0,61,65,8.37,PE
441,Broken Hill,-31.95,141.4333,76.71,overcast clouds,0.0,0.0,53,100,9.22,AU
442,Benjamin Constant,-4.3831,-70.0311,86.13,few clouds,0.0,0.0,79,20,4.61,BR
443,Taltal,-25.4,-70.4833,68.58,clear sky,0.0,0.0,70,8,6.82,CL
444,Buraydah,26.326,43.975,63.05,clear sky,0.0,0.0,26,0,15.86,SA
445,Xiongzhou,25.1167,114.3,41.65,light rain,0.35,0.0,92,100,3.91,CN
446,Gamba,-2.65,10.0,80.19,broken clouds,0.0,0.0,75,60,10.51,GA
447,La Romana,18.4273,-68.9728,82.76,few clouds,0.0,0.0,74,20,0.0,DO
448,Iquitos,-3.7481,-73.2472,89.64,clear sky,0.0,0.0,55,0,6.91,PE
449,Bilibino,68.0546,166.4372,-5.24,overcast clouds,0.0,0.0,88,100,3.83,RU
450,Mlowo,-9.0,32.9833,63.7,moderate rain,2.44,0.0,92,100,1.95,TZ
451,Tazovskiy,67.4667,78.7,-15.99,broken clouds,0.0,0.0,100,78,6.31,RU
452,Lahaina,20.8783,-156.6825,71.6,clear sky,0.0,0.0,73,6,9.57,US
453,Alugan,12.2188,125.4808,78.6,overcast clouds,0.0,0.0,85,98,6.58,PH
454,Sao Joao Da Barra,-21.6403,-41.0511,91.49,overcast clouds,0.0,0.0,76,97,11.03,BR
455,Olga,43.7444,135.2892,8.22,clear sky,0.0,0.0,55,9,14.29,RU
456,Ilulissat,69.2167,-51.1,10.42,light shower snow,0.0,0.0,79,75,4.61,GL
457,Dunedin,-45.8742,170.5036,58.8,overcast clouds,0.0,0.0,85,100,2.75,NZ
458,Yunhe,34.0833,119.7167,31.91,light snow,0.0,0.49,60,100,2.71,CN
459,Nouadhibou,20.931,-17.0347,73.38,overcast clouds,0.0,0.0,31,96,12.66,MR
460,Hamilton,39.1834,-84.5333,20.19,haze,0.0,0.51,78,20,1.99,US
461,Veracruz,19.3333,-96.6667,64.87,overcast clouds,0.0,0.0,65,99,0.63,MX
462,Vammala,61.3333,22.9,32.7,snow,0.0,0.61,98,100,13.29,FI
463,Balclutha,-46.2339,169.75,54.07,overcast clouds,0.0,0.0,77,100,3.15,NZ
464,Preobrazheniye,42.9019,133.9064,10.9,scattered clouds,0.0,0.0,63,37,10.13,RU
465,Brae,60.3964,-1.353,40.91,broken clouds,0.0,0.0,80,79,49.64,GB
466,Kadyy,57.787,43.1903,12.74,overcast clouds,0.0,0.0,98,96,3.6,RU
467,Hwange,-18.3693,26.5019,74.1,light rain,1.0,0.0,90,90,3.09,ZW
468,Maceio,-9.6658,-35.7353,87.24,scattered clouds,0.0,0.0,62,40,10.36,BR
469,Coihaique,-45.5752,-72.0662,66.81,clear sky,0.0,0.0,27,0,10.36,CL
470,Sola,-13.8833,167.55,79.47,broken clouds,0.0,0.0,83,75,0.0,VU
471,Lovington,32.944,-103.3485,38.64,broken clouds,0.0,0.0,41,73,1.99,US
472,Sungaipenuh,-2.0833,101.3833,65.5,moderate rain,3.28,0.0,98,99,1.81,ID
473,Samarai,-10.6167,150.6667,78.84,heavy intensity rain,4.86,0.0,89,100,9.57,PG
474,Shahrud,36.4182,54.9763,34.3,scattered clouds,0.0,0.0,56,39,1.21,IR
475,Maldonado,-34.6667,-54.9167,78.19,clear sky,0.0,0.0,42,0,5.55,UY
476,Nara,34.6851,135.8049,42.08,overcast clouds,0.0,0.0,48,93,2.28,JP
477,Cordoba,-31.4135,-64.1811,87.42,clear sky,0.0,0.0,44,0,1.99,AR
478,Svetlyy,54.675,20.1347,33.96,overcast clouds,0.0,0.0,96,100,26.49,RU
479,Kendari,-3.945,122.4989,76.46,overcast clouds,0.0,0.0,89,97,2.3,ID
480,Canaries,28.0,-15.5,63.39,haze,0.0,0.0,49,15,21.85,ES
481,Jumla,29.2747,82.1838,33.58,clear sky,0.0,0.0,54,0,4.56,NP
482,Fare,-16.7,-151.0167,80.04,moderate rain,1.2,0.0,74,6,11.63,PF
483,Asau,46.4333,26.4,29.39,broken clouds,0.0,0.0,84,52,5.08,RO
484,Kokstad,-30.5472,29.4241,64.96,broken clouds,0.0,0.0,85,68,5.19,ZA
485,Brisbane,-27.4679,153.0281,73.58,few clouds,0.0,0.0,89,20,3.0,AU
486,Rauma,61.1272,21.5113,32.04,snow,0.0,1.81,97,100,16.04,FI
487,Fergus Falls,46.283,-96.0776,14.72,clear sky,0.0,0.0,82,0,6.91,US
488,Balaipungut,1.05,101.2833,81.01,overcast clouds,0.0,0.0,76,100,2.82,ID
489,Marostica,45.7468,11.6579,51.24,scattered clouds,0.0,0.0,58,26,1.41,IT
490,Mkushi,-13.6202,29.3939,70.03,light rain,0.15,0.0,91,100,1.59,ZM
491,Ust-Nera,64.5667,143.2,-8.46,overcast clouds,0.0,0.0,100,100,1.59,RU
492,Caraquet,47.7941,-64.9386,11.34,light snow,0.0,0.24,82,100,18.37,CA
493,Micheweni,-4.9667,39.8333,80.37,few clouds,0.0,0.0,75,12,10.74,TZ
494,Pandan,14.0453,124.1694,77.22,broken clouds,0.0,0.0,89,82,5.41,PH
495,La Palma,33.8464,-118.0467,63.18,broken clouds,0.0,0.0,27,75,0.0,US
496,Kyra,49.5776,111.9753,-7.53,clear sky,0.0,0.0,96,5,4.68,RU
497,Palmas De Monte Alto,-14.2672,-43.1619,81.36,overcast clouds,0.0,0.0,63,87,5.73,BR
498,Otane,-39.8833,176.6333,62.38,clear sky,0.0,0.0,82,0,2.46,NZ
499,Calama,-22.4667,-68.9333,70.29,clear sky,0.0,0.0,28,0,13.8,CL
500,Hofn,64.2539,-15.2082,27.84,clear sky,0.0,0.0,50,0,9.86,IS
501,Zagare,56.3592,23.25,32.76,light snow,0.0,0.21,97,100,21.56,LT
502,Banikoara,11.2985,2.4386,91.38,few clouds,0.0,0.0,10,11,9.13,BJ
503,Vanimo,-2.6741,141.3028,76.98,overcast clouds,0.0,0.0,89,100,5.37,PG
504,Emporia,38.4039,-96.1817,35.8,clear sky,0.0,0.0,51,0,9.22,US
505,Saint-Georges,12.0564,-61.7485,87.48,few clouds,0.0,0.0,55,20,11.5,GD
506,Bud,39.447,-86.1758,17.74,scattered clouds,0.0,0.0,77,26,4.45,US
507,Imbituba,-28.24,-48.6703,79.83,broken clouds,0.0,0.0,58,51,9.37,BR
508,Millau,44.0833,2.9167,46.0,clear sky,0.0,0.0,60,1,4.52,FR
509,Batagay-Alyta,67.8006,130.4114,-17.79,scattered clouds,0.0,0.0,94,31,5.55,RU
510,Williston,48.147,-103.618,29.91,broken clouds,0.0,0.0,75,59,5.12,US
511,Skjervoy,70.0311,20.9714,26.67,few clouds,0.0,0.0,70,12,21.5,NO
512,Brownwood,31.7093,-98.9912,53.55,clear sky,0.0,0.0,48,0,0.0,US
513,Bereda,43.2686,-7.5406,57.88,clear sky,0.0,0.0,92,1,3.71,ES
514,Kolondieba,11.0882,-6.8926,99.1,clear sky,0.0,0.0,8,5,6.98,ML
515,Dauriya,49.9333,116.8667,-18.72,few clouds,0.0,0.0,99,19,1.79,RU
516,Kangaatsiaq,68.3065,-53.4641,7.3,overcast clouds,0.0,0.0,80,98,17.29,GL
517,Erdenet,49.0333,104.0833,-9.72,few clouds,0.0,0.0,98,14,4.38,MN
518,Paita,-5.0892,-81.1144,79.36,overcast clouds,0.0,0.0,67,91,5.88,PE
519,Obidos,-1.9175,-55.5181,75.27,light rain,0.24,0.0,93,100,4.14,BR
520,Briancon,44.9,6.65,42.35,few clouds,0.0,0.0,77,11,5.77,FR
521,Ha Tinh,18.3333,105.9,71.83,overcast clouds,0.0,0.0,91,97,0.89,VN
522,San Andres,12.5847,-81.7006,82.42,few clouds,0.0,0.0,65,20,13.8,CO
523,Kamenskiy,50.8855,45.488,29.52,snow,0.0,0.65,94,100,12.39,RU
524,Tarut,26.5733,50.0369,62.58,few clouds,0.0,0.0,51,17,14.7,SA
525,Yablochnyy,47.1661,142.0661,3.15,overcast clouds,0.0,0.0,96,99,4.83,RU
526,Shahjahanpur,27.8833,79.9167,53.22,clear sky,0.0,0.0,65,0,8.03,IN
527,Pilar,-9.5972,-35.9567,85.93,overcast clouds,0.0,0.0,47,100,10.89,BR
528,Tamiahua,21.2667,-97.45,56.5,overcast clouds,0.0,0.0,76,100,10.8,MX
529,Dagua,3.6569,-76.6886,77.5,overcast clouds,0.0,0.0,94,100,2.95,CO
530,Milkovo,54.7167,158.6167,14.76,overcast clouds,0.0,0.0,97,100,0.34,RU
531,Te Anau,-45.4167,167.7167,55.65,moderate rain,2.73,0.0,85,100,3.76,NZ
532,Una,20.8167,71.0333,67.32,clear sky,0.0,0.0,45,0,6.04,IN
533,Finschhafen,-6.6024,147.8681,79.99,overcast clouds,0.0,0.0,84,98,6.24,PG
534,Buckeye,33.3703,-112.5838,59.77,clear sky,0.0,0.0,23,5,13.8,US
535,Vangaindrano,-23.35,47.6,75.33,clear sky,0.0,0.0,82,0,5.77,MG
536,Ust-Tsilma,65.441,52.1498,15.76,light snow,0.0,0.18,91,100,9.17,RU
537,Chupa,66.27,33.0549,16.3,overcast clouds,0.0,0.0,94,86,5.68,RU
538,Hearst,49.6835,-83.6665,-12.75,overcast clouds,0.0,0.0,90,95,3.42,CA
539,Kyren,51.6828,102.1408,-4.45,scattered clouds,0.0,0.0,90,48,1.45,RU
540,Jalingo,8.8833,11.3667,92.26,overcast clouds,0.0,0.0,11,98,9.35,NG
541,Huarmey,-10.0681,-78.1522,74.8,overcast clouds,0.0,0.0,73,96,10.16,PE
542,Parthenay,46.6667,-0.4167,41.92,few clouds,0.0,0.0,85,20,6.17,FR
543,Tuy Hoa,13.0833,109.3,72.68,overcast clouds,0.0,0.0,94,95,3.42,VN
544,Norman Wells,65.282,-126.8329,-27.36,light snow,0.0,0.0,68,75,4.61,CA
545,Bakaly,55.1789,53.8028,7.68,overcast clouds,0.0,0.0,95,93,4.14,RU
546,Nyurba,63.2842,118.3319,-19.82,few clouds,0.0,0.0,99,14,5.23,RU
547,Nuevitas,21.5453,-77.2644,78.24,few clouds,0.0,0.0,56,17,10.92,CU
548,Saint-Pierre,-21.3393,55.4781,80.28,broken clouds,0.0,0.0,78,75,13.8,RE
549,Pangody,65.85,74.4859,-10.12,overcast clouds,0.0,0.0,98,100,8.57,RU
550,Sabang,5.8933,95.3214,82.65,clear sky,0.0,0.0,72,7,9.69,ID
551,Sao Jose Da Coroa Grande,-8.8978,-35.1478,84.02,overcast clouds,0.0,0.0,64,92,9.89,BR
552,Mamallapuram,12.6264,80.1722,79.05,scattered clouds,0.0,0.0,74,40,11.52,IN
553,East Millcreek,40.7,-111.8105,33.69,few clouds,0.0,0.0,63,20,1.01,US
554,Pietarsaari,63.65,22.6833,32.47,light snow,0.0,0.34,98,100,11.99,FI
555,Weihe,32.9952,105.3247,31.41,broken clouds,0.0,0.0,94,66,3.15,CN
556,Outjo,-20.1167,16.15,82.65,overcast clouds,0.0,0.0,33,100,16.24,NA
557,Saint Anthony,45.0205,-93.218,18.25,clear sky,0.0,0.0,69,0,5.01,US
558,Naryan-Mar,67.6713,53.087,8.29,overcast clouds,0.0,0.0,94,99,12.17,RU
559,Poyarkovo,49.6,128.6833,-12.68,overcast clouds,0.0,0.0,100,100,2.28,RU
560,Namibe,-15.1961,12.1522,73.9,broken clouds,0.0,0.0,71,84,10.98,AO
561,Novikovo,51.1537,37.8879,28.18,snow,0.0,1.05,99,99,4.56,RU
562,Zeerust,-25.5369,26.0751,81.41,moderate rain,2.96,0.0,85,89,12.93,ZA
563,Banamba,13.55,-7.45,96.13,few clouds,0.0,0.0,8,11,11.05,ML
564,Natal,-5.795,-35.2094,84.85,few clouds,0.0,0.0,69,20,4.61,BR
565,Songkhla,6.8333,100.6667,77.05,clear sky,0.0,0.0,93,5,2.01,TH
566,Tura,25.5198,90.2201,54.05,clear sky,0.0,0.0,52,0,2.73,IN
567,Hualmay,-11.0964,-77.6139,73.62,overcast clouds,0.0,0.0,74,95,9.6,PE
568,Marystown,47.1666,-55.1483,37.85,overcast clouds,0.0,0.0,100,100,7.0,CA
569,Juban,12.8478,123.9878,76.12,scattered clouds,0.0,0.0,92,31,1.59,PH
570,Mount Pleasant,32.7941,-79.8626,42.19,broken clouds,0.0,0.0,73,75,5.01,US
571,Pombas,17.1503,-25.0201,73.18,overcast clouds,0.0,0.0,71,95,15.55,CV
572,Ternate,0.8,127.4,80.08,overcast clouds,0.0,0.0,81,99,5.7,ID
573,Orodara,10.9492,-4.9342,89.98,clear sky,0.0,0.0,9,6,8.93,BF
574,Tashtagol,52.7657,87.8894,3.18,overcast clouds,0.0,0.0,95,95,2.08,RU
575,Sembakung,3.8167,117.25,73.62,overcast clouds,0.0,0.0,98,100,0.51,ID
576,Avera,33.194,-82.5271,38.71,clear sky,0.0,0.0,35,2,16.37,US
577,Dzerzhinskiy,55.6286,37.8469,25.29,snow,0.0,2.37,99,94,2.46,RU
578,Olinda,-8.0089,-34.8553,82.13,light rain,0.75,0.0,69,75,4.61,BR
579,Fort Nelson,58.8053,-122.7002,9.99,light snow,0.0,0.0,85,100,4.61,CA
580,Genhe,50.7833,121.5167,-15.61,few clouds,0.0,0.0,99,17,2.71,CN
581,Quelimane,-17.8786,36.8883,84.15,few clouds,0.0,0.0,79,20,13.0,MZ
582,Biak,-0.9131,122.8766,76.12,overcast clouds,0.0,0.0,81,99,3.06,ID
583,Jacareacanga,-6.2222,-57.7528,74.61,overcast clouds,0.0,0.0,96,100,2.82,BR
584,Jacmel,18.2342,-72.5347,76.84,few clouds,0.0,0.0,69,19,4.29,HT
585,Havelock,34.8791,-76.9013,35.6,overcast clouds,0.0,0.0,78,100,15.01,US
586,Buenos Aires,-34.6132,-58.3772,81.97,clear sky,0.0,0.0,52,4,7.63,AR
587,Roma,43.2128,-75.4557,8.65,overcast clouds,0.0,0.0,63,100,4.0,US
588,Vavoua,7.3819,-6.4778,98.56,few clouds,0.0,0.0,17,12,7.47,CI
589,Kailua,21.4022,-157.7394,73.74,light rain,0.38,0.0,76,100,11.5,US
590,Vryburg,-26.9566,24.7284,75.22,light rain,0.91,0.0,52,77,4.72,ZA
591,Vinh,18.6667,105.6667,70.95,overcast clouds,0.0,0.0,92,100,13.62,VN
592,Nhulunbuy,-12.2333,136.7667,79.41,overcast clouds,0.0,0.0,89,100,10.36,AU
593,Abha,18.2164,42.5053,58.82,few clouds,0.0,0.0,67,20,16.11,SA
594,Bom Jardim,-7.7958,-35.5872,80.94,moderate rain,1.94,0.0,55,99,7.34,BR
595,Larsnes,62.2028,5.5773,37.22,light rain,0.15,0.0,83,100,20.29,NO
596,Eyl,7.9803,49.8164,76.26,overcast clouds,0.0,0.0,68,100,23.26,SO
597,Shubarkuduk,49.1447,56.4872,17.19,overcast clouds,0.0,0.0,97,98,8.1,KZ
598,Swinoujscie,53.9105,14.2471,46.62,overcast clouds,0.0,0.0,82,100,32.97,PL
599,Portsoy,57.6814,-2.6896,43.81,scattered clouds,0.0,0.0,76,49,25.99,GB
600,Jawhar,2.7809,45.5005,79.27,overcast clouds,0.0,0.0,59,100,20.67,SO
601,Vila,42.0304,-8.1588,56.7,clear sky,0.0,0.0,21,1,2.89,PT
602,Portland,45.5234,-122.6762,39.85,few clouds,0.0,0.0,81,20,7.0,US
603,Palmeiras De Goias,-16.805,-49.9258,78.93,light rain,0.18,0.0,70,98,10.92,BR
604,Lafiagi,8.8667,5.4167,98.65,overcast clouds,0.0,0.0,10,96,4.61,NG
605,Bodden Town,19.2833,-81.25,80.01,scattered clouds,0.0,0.0,75,40,11.99,KY
606,Srednekolymsk,67.45,153.6833,-13.85,overcast clouds,0.0,0.0,98,100,4.99,RU
607,Hundested,55.9667,11.8667,47.86,overcast clouds,0.0,0.0,91,100,14.0,DK
608,Puerto Colombia,10.9878,-74.9547,82.49,broken clouds,0.0,0.0,74,59,20.38,CO
609,Tucumcari,35.1717,-103.725,35.94,clear sky,0.0,0.0,68,0,4.61,US
610,Gizo,-8.103,156.8419,82.02,light rain,0.35,0.0,76,96,5.01,SB
611,Ariquemes,-9.9133,-63.0408,75.49,overcast clouds,0.0,0.0,97,100,5.46,BR
612,Porto Walter,-8.2686,-72.7439,86.49,overcast clouds,0.0,0.0,61,99,4.18,BR
613,Divnogorsk,55.9594,92.3619,-6.27,broken clouds,0.0,0.0,100,67,4.32,RU
614,Port Blair,11.6667,92.75,80.64,mist,0.0,0.0,74,75,8.05,IN
615,Aguimes,27.9054,-15.4461,66.83,haze,0.0,0.0,49,8,21.85,ES
616,Sao Jose Do Belmonte,-7.8614,-38.7597,73.42,overcast clouds,0.0,0.0,81,100,5.26,BR
617,Sovetskiy,61.3614,63.5842,-0.98,overcast clouds,0.0,0.0,98,100,3.96,RU
618,Belaya Gora,68.5333,146.4167,-16.11,overcast clouds,0.0,0.0,100,100,2.75,RU
619,Mackay,-21.15,149.2,80.58,broken clouds,0.0,0.0,74,75,11.5,AU
620,Markdale,44.3168,-80.6497,10.09,few clouds,0.0,0.0,84,17,4.76,CA
621,Coos Bay,43.3665,-124.2179,38.93,clear sky,0.0,0.0,93,0,10.36,US
622,Lalmohan,22.3384,90.7419,64.17,clear sky,0.0,0.0,46,0,7.16,BD
623,Kirakira,-10.4544,161.9205,78.87,overcast clouds,0.0,0.0,86,100,5.26,SB
624,Kawalu,-7.3817,108.2082,73.17,overcast clouds,0.0,0.0,97,100,1.63,ID
625,Cumaral,4.2708,-73.4867,91.36,scattered clouds,0.0,0.0,32,45,8.84,CO
626,Isiro,2.7739,27.616,81.66,clear sky,0.0,0.0,30,5,2.39,CD
627,Boden,65.8252,21.6886,26.6,light snow,0.0,0.18,95,100,10.78,SE
628,Olafsvik,64.8945,-23.7142,35.89,overcast clouds,0.0,0.0,84,97,21.45,IS
629,Ergani,38.2653,39.7621,30.92,overcast clouds,0.0,0.0,91,100,4.43,TR
630,Hueyapan,18.8667,-98.6667,58.08,scattered clouds,0.0,0.0,52,32,1.25,MX
631,Beyneu,45.3167,55.2,27.03,clear sky,0.0,0.0,80,4,5.48,KZ
632,Faya,18.3851,42.4509,59.11,clear sky,0.0,0.0,73,10,7.52,SA
633,Adrar,20.5022,-10.0711,87.37,overcast clouds,0.0,0.0,9,100,13.49,MR
634,Lincoln,40.8,-96.667,36.39,clear sky,0.0,0.0,87,0,1.01,US
635,Lexington,37.9887,-84.4777,19.29,overcast clouds,0.0,0.0,65,90,1.01,US
636,Paignton,50.4357,-3.5679,54.36,broken clouds,0.0,0.0,92,67,11.01,GB
637,Damphu,27.0721,90.1096,43.52,clear sky,0.0,0.0,84,10,4.32,BT
638,Sisimiut,66.9395,-53.6735,9.61,light snow,0.0,0.25,89,100,23.04,GL
639,Khotyn,48.4833,26.5,26.82,broken clouds,0.0,0.0,82,65,3.42,UA
640,Waitati,-45.75,170.5667,58.8,overcast clouds,0.0,0.0,85,100,2.37,NZ
641,Ellisras,-23.6649,27.7443,80.65,overcast clouds,0.0,0.0,53,100,7.72,ZA
642,Makakilo City,21.3469,-158.0858,72.28,clear sky,0.0,0.0,76,0,4.61,US
643,Nioro,13.35,-15.75,96.98,broken clouds,0.0,0.0,10,68,8.25,GM
644,Cabra,37.4725,-4.4421,67.44,clear sky,0.0,0.0,24,0,3.85,ES
645,Axim,4.8699,-2.2405,86.76,overcast clouds,0.0,0.0,56,98,12.1,GH
646,Tiarei,-17.5333,-149.3333,77.0,light rain,0.5,0.0,76,16,13.51,PF
647,Chipata,-13.6333,32.65,68.25,moderate rain,2.29,0.0,92,98,2.95,ZM
648,Ibra,22.6906,58.5334,74.64,clear sky,0.0,0.0,29,4,5.73,OM
649,Biskamzha,53.4497,89.5272,2.39,overcast clouds,0.0,0.0,98,98,1.63,RU
650,Garden City,42.3256,-83.331,17.33,smoke,0.0,0.0,78,20,3.0,US
651,Kropotkin,45.4375,40.5756,36.14,light rain,0.24,0.0,92,97,19.26,RU
652,Atbasar,51.8,68.3333,9.77,overcast clouds,0.0,0.0,96,100,6.26,KZ
653,Sirur,18.8333,74.3833,70.93,clear sky,0.0,0.0,24,1,4.27,IN
654,Kars,40.602,43.095,5.85,few clouds,0.0,0.0,95,22,2.73,TR
655,Praya,14.9215,-23.5087,73.94,broken clouds,0.0,0.0,56,75,20.71,CV
656,Zhezkazgan,47.8043,67.7144,23.13,overcast clouds,0.0,0.0,94,99,16.96,KZ
657,Goderich,43.7501,-81.7165,9.91,scattered clouds,0.0,0.0,85,37,9.22,CA
658,Daru,-9.0763,143.2092,77.86,overcast clouds,0.0,0.0,87,100,9.15,PG
659,Gambela,8.25,34.5833,93.51,clear sky,0.0,0.0,21,5,5.64,ET
660,Sehithwa,-20.4667,22.7167,79.65,light rain,0.26,0.0,56,84,10.85,BW
661,Bogorodskoye,56.55,37.8833,18.66,overcast clouds,0.0,0.0,98,97,3.24,RU
662,Condega,13.365,-86.3985,74.59,scattered clouds,0.0,0.0,49,25,8.16,NI
663,Jutai,-5.1833,-68.9,84.81,overcast clouds,0.0,0.0,68,99,2.91,BR
664,Phan Thiet,10.9333,108.1,72.91,broken clouds,0.0,0.0,87,53,3.33,VN
665,Kattivakkam,13.2167,80.3167,79.07,clear sky,0.0,0.0,80,4,10.78,IN
666,Namatanai,-3.6667,152.4333,79.05,overcast clouds,0.0,0.0,84,96,5.61,PG
667,Caconda,-13.7333,15.0667,64.8,moderate rain,1.2,0.0,87,100,8.55,AO
668,Thinadhoo,0.5333,72.9333,81.25,overcast clouds,0.0,0.0,67,100,5.06,MV
669,Lahad Datu,5.0268,118.327,77.18,broken clouds,0.0,0.0,88,78,1.9,MY
670,Sheridan,44.8333,-106.9173,39.38,clear sky,0.0,0.0,54,0,0.0,US
671,Malakal,9.5334,31.6605,83.34,clear sky,0.0,0.0,16,2,6.42,SS
672,Mandalgovi,45.7625,106.2708,-1.25,broken clouds,0.0,0.0,89,70,11.79,MN
673,Trinidad,-14.8333,-64.9,82.38,broken clouds,0.0,0.0,83,75,4.61,BO
674,Banfora,10.6333,-4.7667,97.92,few clouds,0.0,0.0,9,13,8.52,BF
675,Carbonia,39.1672,8.5222,59.95,clear sky,0.0,0.0,72,8,5.39,IT
676,Kiunga,-6.1219,141.2906,72.52,overcast clouds,0.0,0.0,99,99,2.66,PG
677,Carmen,18.6333,-91.8333,69.84,drizzle,0.0,0.0,83,100,19.57,MX
678,Jimeta,9.2833,12.4667,92.03,overcast clouds,0.0,0.0,11,87,6.17,NG
679,Camacha,33.0833,-16.3333,64.53,clear sky,0.0,0.0,63,0,9.22,PT
680,Oranjemund,-28.55,16.4333,69.4,light rain,0.13,0.0,74,40,15.32,NA
681,Dale,38.1689,-86.99,23.9,scattered clouds,0.0,0.0,62,38,3.02,US
682,Camana,-16.6228,-72.7111,73.69,scattered clouds,0.0,0.0,63,34,7.99,PE
683,Zyryanka,65.75,150.85,-11.04,overcast clouds,0.0,0.0,98,100,4.12,RU
684,Rawson,-43.3002,-65.1023,82.24,clear sky,0.0,0.0,31,4,4.52,AR
685,Vestmannaeyjar,63.4427,-20.2734,31.19,light snow,0.0,0.19,64,0,2.3,IS
686,Casma,-41.0082,-73.1244,65.8,clear sky,0.0,0.0,23,3,0.72,CL
687,Goya,-29.14,-59.2626,93.29,clear sky,0.0,0.0,22,0,7.25,AR
688,Lufkin,31.3382,-94.7291,45.84,clear sky,0.0,0.0,64,0,0.0,US
689,Hervey Bay,-25.2986,152.8535,76.01,few clouds,0.0,0.0,88,18,13.0,AU
690,Lewisporte,49.2499,-55.0482,35.31,overcast clouds,0.0,0.0,90,100,5.23,CA
691,Ati,13.2154,18.3353,81.73,scattered clouds,0.0,0.0,11,36,11.05,TD
692,Mumbwa,-14.9783,27.0619,69.28,moderate rain,2.99,0.0,92,98,4.12,ZM
693,Vaitape,-16.5167,-151.75,80.04,few clouds,0.0,0.0,75,12,10.29,PF
694,Boyolangu,-8.1181,111.8935,76.33,overcast clouds,0.0,0.0,89,100,1.07,ID
695,Darhan,49.4867,105.9228,-14.67,few clouds,0.0,0.0,99,16,3.42,MN
